{
  "mAP50": 0.07611095049877724,
  "mAP50_95": 0.051800739803409206,
  "precision": 0.5011623320865664,
  "recall": 0.09952861159595135
}