{
  "accuracy": 0.6559308719560094,
  "f1_macro": 0.3696031525991098,
  "f1_per_class": {
    "left of": 0.0,
    "right of": 0.0,
    "in front of": 0.5114155251141552,
    "behind": 0.737219730941704,
    "on top of": 0.8357664233576643,
    "under": 0.6513761467889908,
    "inside": 0.5333333333333333,
    "around": 0.0,
    "over": 0.10909090909090909,
    "next to": 0.3178294573643411
  },
  "confusion_matrix": [
    [
      0,
      0,
      0,
      1,
      0,
      0,
      0,
      0,
      0,
      0
    ],
    [
      0,
      0,
      1,
      1,
      0,
      0,
      0,
      0,
      0,
      0
    ],
    [
      0,
      0,
      56,
      48,
      9,
      1,
      2,
      0,
      0,
      6
    ],
    [
      0,
      0,
      10,
      411,
      6,
      4,
      5,
      0,
      0,
      5
    ],
    [
      0,
      0,
      2,
      19,
      229,
      6,
      0,
      0,
      0,
      5
    ],
    [
      0,
      0,
      2,
      27,
      10,
      71,
      3,
      0,
      0,
      6
    ],
    [
      0,
      0,
      6,
      9,
      5,
      2,
      24,
      0,
      0,
      3
    ],
    [
      0,
      0,
      0,
      31,
      3,
      1,
      0,
      0,
      0,
      5
    ],
    [
      0,
      0,
      6,
      20,
      15,
      3,
      4,
      0,
      3,
      1
    ],
    [
      0,
      0,
      14,
      107,
      10,
      11,
      3,
      0,
      0,
      41
    ]
  ]
}