{
    "CIDEr": 8.88698855323635,
    "BLEU-4": 0.8524555571807043,
    "num_samples": 4225,
    "model": "T5-small"
}